id_cl,id_us
417792,1601515
90123,1944734
409616,1980042
131090,1972365
213013,1228949
172054,1762531
172091,181111
172096,1788023
172097,1762755
393281,796881
213064,1933005
188492,224919
352335,762080
352336,164769
286806,1675063
295005,586025
295009,586386
417894,806535
155752,1266282
196735,176406
254081,1442247
254088,1958629
286859,619623
90254,344163
270481,1600221
286866,534295
90264,1545193
180388,261876
295087,979331
295095,246633
295106,979285
295109,980151
295111,979315
352460,1339313
164056,1265615
295128,979485
295129,979504
90341,230896
229617,1986847
106748,536044
164096,1257695
155910,1208305
131367,1974104
205098,1463119
418092,769429
317,1238259
123197,1976377
336193,550800
90435,716899
326,1238761
270677,85342
205177,1895283
221589,1968775
156054,566565
417,1240395
131493,1820122
428,1042257
131519,1977325
352712,1656012
205260,68805
287182,1859740
352722,206816
270827,292709
106992,706629
213499,1467937
8703,1351789
107011,1391911
164356,1392781
164358,1344970
360966,517975
287241,1429161
360967,585804
107023,82025
98837,1277712
270870,90343
254489,623296
543,1240485
270887,537162
287272,799649
123440,1099105
180801,8009
361042,771193
229979,143110
180841,405414
123500,1548598
336499,1020544
156289,1369560
156296,1444140
180872,366
674,1310858
180901,622685
393901,782776
254654,412166
254655,412276
139976,631330
393937,807465
393939,824246
393940,824163
139990,631123
393942,824136
393944,824418
90846,738251
271072,90459
361191,1633596
197377,460885
74499,1963233
279300,1001573
271110,90516
213773,151876
90968,423689
189286,838946
189287,29965
238449,884783
271218,90620
91006,761570
140179,649060
295827,1728841
140184,585905
353179,1921592
271266,90481
353188,1049640
271307,62684
271309,62635
271310,62887
271311,67247
271313,1671365
418766,1990871
271320,89910
279520,385349
1001,1311480
140267,385474
99314,262444
156658,385087
238596,1392901
271367,1599287
82955,435064
271376,90435
148497,625248
107568,1622899
336957,67719
255038,1885520
418894,999592
418899,624193
91222,387856
230486,807550
156779,437335
197741,960572
140401,593592
140404,1933438
107649,1430048
124037,945669
148631,639557
148638,1216688
165039,1214463
418993,1085527
91318,1532467
255161,674627
279761,541823
394452,772294
419032,147702
107741,1432789
255206,761902
214265,1918416
255249,389516
197920,1896669
189739,1991706
230701,1429274
288052,1223009
107836,1429028
107852,1430876
107857,1427015
353621,807043
132448,1968349
214368,1877343
1379,1238649
255336,406133
99693,1392486
91506,737352
394610,1551817
83324,1237069
157052,1313565
157063,1993688
181639,1664805
157066,1318122
1421,1238824
173454,1213385
173458,911412
173460,858970
83351,51771
107930,180969
394660,824183
1474,1239466
402893,1993335
157135,905869
394703,779973
263634,288212
394704,829636
255465,764787
1515,1631994
230891,1068862
255473,56911
255475,56778
255476,56677
255477,1795763
255478,56807
353787,1635498
157185,1297042
173616,1790435
255537,405962
337459,585830
255540,405927
173622,1770865
214583,1057107
271928,104808
271931,942534
337467,605814
271933,104842
271934,1795884
157247,1240263
271935,1944695
271936,104826
271937,104775
271938,104464
271939,104799
271940,104498
271941,958636
271943,104500
271944,104472
337474,54963
337476,1664195
231006,365331
353896,1327241
362105,942651
288383,591026
329361,1606904
157339,845033
157340,1317079
157343,1313460
116385,796808
157347,153788
100004,1136714
108197,1463113
157350,1869669
214696,1882435
108209,1130856
91838,378283
280278,959003
280280,541789
181986,802433
1765,762420
255718,1360129
288495,551070
288496,550762
182006,699691
288505,436607
83712,561764
83713,7984
173829,682073
108296,1463069
255757,53221
198419,113086
288548,1119335
362279,927155
108331,1468064
288555,807237
288557,385537
231217,1298726
288565,586167
198464,18442
288578,551111
288580,586047
288588,585758
288590,586441
157532,1248423
288606,586332
83820,1672764
288620,551092
288621,550965
83825,385591
10101,1691608
288640,585661
386946,296406
141193,630110
100241,1532422
419729,1664833
182186,727629
288682,1402245
288695,1487002
92094,1295707
288708,1794464
272331,26058
83924,251024
83939,7868
83940,7699
288743,585964
419831,1666420
116735,1412302
108554,208030
337934,569883
215057,1921656
2067,903566
337937,1631244
116760,1412387
215066,333392
215067,590470
215069,8368
174115,859363
157749,1875974
231487,1668166
157760,1228867
84033,90370
198722,184361
419909,1343525
116806,1412248
141388,529613
223312,1386157
419920,1617011
419921,1675481
419922,1668320
419927,1672338
419928,1327376
141415,529266
100494,1938369
84115,89938
108704,1468040
108713,1463090
215220,1056823
10421,140621
264394,1124026
362715,1057301
297182,1639036
157920,376839
157922,1192600
190712,131601
420092,771047
84222,149556
84224,1983573
149770,762678
84240,37172
84242,57820
84243,36850
387348,509513
354584,937832
420125,1846604
207139,1886147
92452,1276171
420138,1327120
108845,1794470
133425,188604
117053,919079
117056,1411941
117064,1412224
158033,1222570
223573,1980283
84310,109085
272738,459718
280933,480197
2416,817252
272770,739959
223626,1227386
108945,1983634
215453,1493360
158114,793675
297418,988392
272843,55072
289234,975580
256476,385615
117220,1580458
420325,1615743
84454,1826887
133608,348293
182761,979670
256489,438265
256490,438455
215539,1983583
395770,776825
395771,776444
272893,55113
109062,1467895
141842,1806106
141845,630525
141854,11732
207396,57665
109094,1162099
27181,189783
420397,455732
420405,1665705
387656,257065
420449,1666829
109164,1468024
387697,257169
297590,746913
387706,1118678
223873,1969900
273030,1666
150151,1852604
420488,1662769
84623,39979
84628,343270
84633,937790
215706,1569317
215709,1541038
215710,1541052
215711,1330452
182950,354603
273065,249642
2755,1659912
150233,35779
109274,1466167
191203,316021
191204,145974
256753,1947376
273139,770527
142073,1320506
289535,1804743
256794,50432
314178,192167
101199,45330
224080,383
232278,984099
387930,283361
158564,1269452
273261,846485
273268,57204
420727,1663972
101242,1186547
420730,1664380
232326,1033007
166791,1403054
330644,727733
330647,83038
347035,1068984
142237,1700972
297924,1577646
3019,1659889
224204,1967908
158672,123649
297943,1837563
199654,401517
84982,7819
150557,1891476
281633,1933388
3135,1643270
355397,939711
117843,1454722
134234,1990951
3167,68305
158831,1367486
93314,1786921
396441,776619
363680,1443463
175297,1542226
191682,551333
3286,475520
158950,1241932
158951,1317760
158954,1316886
93421,1320600
191740,253096
224508,1992600
224511,1970864
224514,1795640
158981,1196820
224515,1971055
224518,1971132
159001,179938
11546,66463
232731,589418
290084,1794616
175400,1748337
93482,1952348
372010,1794117
3382,1261242
150847,714672
118088,1941522
421199,1620468
85343,1955069
191848,159072
355689,945777
191850,991950
216430,1917070
290159,1795830
388469,262751
191864,169312
93561,100643
421247,1666562
265602,1738054
216456,1922496
118159,1402129
118172,1708085
290216,1794490
396719,7404
421302,1806450
257464,406404
265659,288329
290249,180652
191981,292819
290286,1733503
290288,1794095
126447,252660
290291,1794595
282098,460948
191987,67567
290301,1796042
273933,8846
151057,1983596
273963,55096
249397,1624544
192059,231129
208482,921160
290405,1794568
290407,1794133
93801,1474400
282222,467091
216685,1452271
388720,257546
249459,406251
290421,1812664
290433,1796015
3721,235058
274068,54960
118446,1402269
396978,829950
110276,1583488
85704,7478
290540,657680
216814,1454452
216816,1454700
216817,1455090
151282,1852338
249586,37411
274160,108605
274161,1795997
274163,108592
274165,108892
274166,108869
249596,385360
134910,1670271
85761,7194
85763,1325047
93957,1585974
200462,919322
200466,1782946
274215,17228
290600,1794313
290601,1794174
249643,406331
85808,1991395
110385,1376291
257850,238707
421693,1663263
249666,406046
421698,1974699
159574,1344615
151383,1845232
388953,283475
200543,524559
421739,1676002
421742,1359992
421743,1671253
249746,385614
389016,149636
389018,97142
274334,108636
249759,270
274335,109136
290725,1794351
94142,1581134
176071,1748254
85983,1815957
85984,7574
397284,683280
274423,249582
249860,406137
290818,35966
258068,406502
290862,1812910
348208,1062266
241714,866159
249906,333244
348212,1053471
118860,1945295
118867,1411964
143455,1394598
397413,740839
274551,1548592
274556,52212
233610,959073
86155,35662
86157,36016
94352,1052700
331950,8076
53468,1676350
184558,699384
381167,931160
119025,1412210
291071,637921
250133,406393
250134,406091
291097,1794250
86318,35804
86324,35516
217415,1929492
160090,1323379
356701,958477
356702,958505
233827,807924
86378,36032
160113,1315981
151923,1847759
209267,922106
86404,157116
258438,757419
160170,1325043
160179,1326584
160181,1327469
160182,1565104
160184,1325880
160185,231008
143821,1598967
160208,296788
86494,1638397
86495,35417
397792,771740
127459,1325008
340466,558641
160246,1325337
283129,678244
160258,1297240
184836,405197
266758,516540
291333,1795715
389650,913444
86553,1313702
86556,1290274
160306,1445868
389691,768157
389695,413108
234051,922659
86599,157916
94790,1969231
176721,1747094
234070,923007
144009,1415982
250515,37407
250540,492122
111277,1548921
250541,37610
160437,1944795
234167,672746
258746,385831
250558,1821290
160447,1326526
94913,1552359
389828,768199
258771,385630
86744,36002
86745,36066
86747,35487
86748,35469
160478,1331598
250598,385366
160506,1331725
193313,171397
283430,90529
332600,734176
176953,1752235
152400,1846404
250707,812854
332631,734077
217951,1494455
217976,1942813
144267,801674
144268,1883337
177049,821292
177050,1748160
267164,292735
398238,944002
209830,513027
332722,734377
160718,1324890
226270,1972353
291841,1709805
250892,406400
160803,1867751
226345,774390
160812,1324238
95280,441290
160822,1324232
283710,1327352
291910,958546
152649,857076
349263,1983337
291951,1804805
46218,170068
398488,824233
332966,499979
160946,1326779
251078,321
160996,1324989
160997,1326212
95465,1578197
193775,1904949
201993,1549566
414986,1639474
390413,1879002
349470,1071365
161057,1329515
333096,67270
161078,1329906
21818,658534
161085,1318110
152897,1782464
415050,669725
398671,1074609
202064,73957
398697,807504
234863,248752
111988,1528075
333173,38380
333175,67555
333177,67494
251264,1991350
161155,1317172
185737,155339
390543,181205
390551,387524
284061,211397
390558,770850
390560,770904
193958,920313
390571,770876
275890,673054
390578,770874
251320,824382
251321,433250
251326,1763503
300477,138646
415185,1828662
259540,1938222
423392,1123773
333283,355212
423395,1124104
423396,1126070
251366,385708
275943,368897
423397,1125698
161267,1328803
292339,586144
292349,585654
161283,730436
144920,762242
144921,762012
202264,1034247
218670,1615515
251445,308
63030,819061
251448,57692
251461,436546
161351,1324297
398919,1875419
194152,919735
423530,1851636
153239,1263005
235163,979244
276134,55208
415398,1120007
95920,682755
251582,405985
161497,1324866
186071,246367
153311,1831049
161530,1327221
161532,1325782
161541,1327028
186124,241692
96018,1553528
390934,388164
300834,1000311
390948,771096
292656,586091
186166,165487
210744,1274603
251705,385657
300853,1009685
415552,1119186
145225,845775
251730,48310
178003,155271
210771,451311
251732,714054
161629,1323836
276321,1513411
276328,10932
333676,67170
284526,253482
415603,1073539
292724,586246
415604,35858
145276,678972
251773,406117
153471,1830821
251778,385671
325513,518380
292757,586155
96168,1585805
202673,840814
423863,649354
178129,1639196
137173,476100
194523,921799
153569,495222
292853,585638
178170,161613
423939,1600022
399366,717050
391181,747735
161808,1327006
301081,664928
88137,1975096
145484,817072
415830,1173597
292957,557153
145503,1700864
235632,859399
88178,736309
350322,1963364
399486,669533
170115,1975038
399509,669945
252062,406196
145568,551506
145569,1700854
293022,1950454
415910,1056795
137394,1992541
358578,1641532
276669,53171
276670,55241
211139,1925390
178390,1993487
145626,1701013
178396,293599
145631,1701340
145639,550927
284903,246348
252150,406481
252151,406200
121082,1057324
358671,1989359
80153,1962448
186654,151239
194846,919736
145698,1701113
416039,305637
391477,804864
145718,1700798
145725,185356
211261,1945117
416089,1164275
416090,1164505
121179,1083082
203100,1146951
112989,1993008
186717,234596
145763,1616951
145767,480018
137580,1991803
416110,1056876
252286,406339
162190,1412448
113044,1548626
113052,1548824
178591,149729
186787,97958
88500,3604
203207,566254
104916,1344654
170461,1639202
293343,585808
88556,125496
145914,1700963
162309,1329207
276998,305556
162311,1326410
277000,305321
145932,1700819
186892,76795
358927,1048042
145940,1701292
391745,678404
146002,1868063
285277,246545
359005,1656889
399965,668485
399966,668468
96885,1367682
236155,50637
301701,1882695
301703,633260
342698,1433011
375472,1572982
293569,550784
408270,1968643
293587,585864
391911,678723
350964,1600532
211704,1185014
350971,1599224
23302,1170839
187149,1991820
187150,241180
88878,396344
88879,396029
351024,1599552
138035,1993449
88885,740998
392004,668460
154439,650894
277318,481116
6985,1769421
15205,188068
89005,694997
154577,251010
424941,650769
277498,402
138247,1999910
89103,743409
89113,846597
351271,1596666
89134,91040
195666,923173
187479,245434
187496,216512
195699,920552
154785,252571
122022,1194107
31946,885900
203982,371875
294096,586296
244953,884912
236784,844829
228595,1983620
228601,1983680
228602,1983688
253181,1147476
253201,1506398
89362,490961
171307,1811602
285999,1941455
154952,251854
195918,944543
195930,186316
277856,271877
163171,1273440
425315,1662956
195945,185152
400745,770453
195950,186179
97656,1306728
195962,186061
253315,406346
277901,296185
187802,270512
105925,1391501
302576,585679
245258,1638107
171533,1788098
171534,1788042
359983,461497
245318,1637339
368210,935729
179870,1631071
417441,1335431
114343,1494467
212649,1944657
212659,1664903
212660,1944603
97973,1280622
122569,1990804
392906,1970129
319197,957455
392936,1238373
163584,1196871
229141,1983567
294698,1360402
106301,1328242
130877,1541540
171854,955798
98135,1295471
98144,1280546
253797,106039
253804,309416
163702,1698626
229243,158791
229244,1875746
229252,1983734
229253,1983389
163719,1287338
229256,1938812
114602,30385
253876,53208
188357,189719
131014,1987224
393159,1830736
286672,1119337
393171,824239
30339,1454538
153116,1994200
300933,802417
180174,707819
256511,983244
33893,885407
377371,357027
259881,1751550
26130,1474672
304597,1416778
350133,1164081
284181,1451269
388778,1092608
189986,1673539
181313,641849
4131,283214
355195,395128
108180,433544
388784,193869
70195,1766038
329464,1248535
25245,1548268
149271,1196157
394675,1753064
77902,1954456
281179,223846
334399,1603471
158075,258896
409258,1695130
47958,858083
66347,1745811
163953,1947771
85134,1528674
12952,156078
280580,613103
255462,593209
266446,541515
125708,1589433
197247,242780
161533,1834345
345039,198890
301770,229042
248479,754569
26384,436797
289666,1107084
221795,1625257
139329,1796320
246432,201961
21844,1129548
384193,152603
337773,307315
112229,284633
208291,1432267
342400,268974
262274,1969634
231203,980440
228347,1305606
412857,1165565
198452,1150900
46450,632617
123917,923203
317802,1853486
344507,193493
322606,1794240
170093,1442416
382412,1190065
291087,1078673
6716,309628
279707,207104
344132,1057774
159260,784310
82622,909719
67629,573017
322699,66144
387055,1896475
397427,1284193
333007,1775121
79183,532340
388,1981551
64696,1423078
281902,8338
407519,1679387
152820,1499905
232479,543150
291797,1962865
103460,1585947
374371,946215
14395,1055652
30060,381970
126856,601601
73605,960491
394158,49232
270803,931001
217746,1806097
5144,894864
66040,1637306
80859,1151199
157331,855801
235749,1538018
258226,1035065
361690,1282710
310197,591341
50496,90694
116318,941345
269813,690292
275666,1573212
332795,539119
166300,10270
189965,1353710
159654,35620
381264,681862
326569,1691323
233898,758946
47493,1421543
296269,796534
394292,1274416
218388,1724055
25935,969780
403903,319910
85822,650726
63474,1099711
334865,1627013
6129,1186177
599,10509
195954,1938045
406454,1018037
184718,1337792
336307,28763
177793,1903604
250683,1185047
98662,116128
26642,633049
302405,961731
358511,1713789
264150,1291266
352945,1342389
294543,585692
401159,1670914
189174,1357665
1551,1315277
416343,505107
229999,1599487
64752,1361012
321713,1370707
423388,1001593
405798,973548
288385,1934606
79496,1990448
62450,1224295
247417,620569
105635,149443
252423,1198468
162403,450599
255561,1662508
114150,383873
141858,872658
207782,858738
42485,1603788
93580,1677292
14578,135092
388676,1110598
255292,516777
8737,1602779
126797,942966
155655,804870
265069,1463593
412343,1723863
280623,1076679
224728,916486
106944,234759
236222,1843330
419269,1023761
205607,784325
246925,1275234
255252,347694
8006,1806326
78931,258317
400607,352870
116080,1304567
203709,1795318
420443,693541
281191,1266864
421369,579629
205644,1599180
158487,669004
192786,223128
419433,1687795
234037,737166
322148,373689
96338,1932518
44289,1795359
220112,1796820
100436,1338455
148221,126202
142767,72638
412070,126751
289828,807371
178196,1453551
173255,444771
277036,1187242
71366,1184418
224767,1087433
49190,736600
78049,1768042
250240,791697
305410,1166841
178037,520884
11311,1626478
144208,1805987
54835,1469745
253900,461221
135515,1732264
236940,1304382
26297,1216026
410757,321307
253838,1117689
49298,768921
199984,1191255
161419,713182
256933,1085573
35395,888670
7422,873132
44039,690361
291296,491932
425,638057
111798,1036419
193802,594756
164280,405400
304044,1799702
258548,127233
367111,869131
69263,1063025
68282,413128
256106,637704
73459,887055
83578,1256600
219922,1135851
308296,1556810
153711,1813095
190291,59455
92781,1990071
167370,859484
126078,696877
287105,1317871
406504,1302746
346028,1085545
47270,1937428
201758,1792864
284883,1725642
375376,1042436
325470,747907
75066,50829
256288,1612428
322883,1016701
273840,1124724
78156,614442
4228,235286
180899,1394931
241556,237963
341871,455611
118882,1858877
52516,1465455
396553,331631
117363,1555053
45050,5601
124659,1751700
410568,324859
159299,626655
251446,1697189
226921,677017
134859,288341
410755,898919
257970,1482811
75003,369406
148118,706845
2980,1407068
76680,1025757
21723,1921563
185697,83320
38933,1603766
297075,1259572
219654,1788602
226646,995230
375726,1138178
180846,10639
176330,752706
54913,494952
281248,754687
58046,863837
354132,1975596
387334,1967935
212756,852977
235641,1858446
158302,259023
351336,1184287
44525,1673816
187112,862265
30555,1275219
148145,12845
78481,102752
368573,496993
92652,1785709
281618,96475
311423,1401677
257108,1787169
103782,161594
204205,711098
166290,1442633
393550,1990334
248584,1070775
361080,1069256
263777,356835
381241,104744
204033,111230
171976,687377
111681,85217
386636,1796016
377534,1014895
183037,315
32103,153980
107638,1324865
8830,679253
83685,877660
254385,1432170
298742,1286263
291470,1671005
345715,460688
307,1665259
289307,1806227
81994,1304232
21861,1055791
124413,1488757
62124,1069568
390963,1057345
392871,1899938
349436,603970
257120,1274864
248061,1475048
117833,1682013
268975,851265
107686,1708642
103302,565099
243900,413110
196360,1959308
210261,1246680
369798,1026237
362713,808571
112461,1728128
56248,1119438
17847,222049
118363,1322218
379995,213070
164633,772567
135668,591348
412928,1790006
220022,1539093
85644,1720402
89488,1542095
188910,734788
135301,1810362
52947,1452155
149224,814025
151684,1620085
252886,303819
235791,1757266
76622,753675
253698,1117028
59518,863677
419527,1979966
223354,1936046
73434,18443
113821,669352
336915,613047
26332,924950
332827,1558201
380867,1155716
354978,769558
335437,928443
134027,1183742
130037,1453293
126,197565
338982,156173
57715,1063770
76615,581136
69526,8278
266069,922768
384354,670942
56656,317249
274694,794319
414638,1499094
110227,1594754
39763,238066
317155,1787024
245579,706704
373088,110747
257366,1870015
77048,802864
395788,12453
136000,12002
60077,1426690
348696,1163088
11872,1203331
280717,706713
344760,1795688
226144,142194
156980,1884453
163318,1259335
4359,1723737
258961,1422837
247637,1710252
241558,1557665
219322,1125411
384184,642894
265405,8259
319215,714318
200034,1005732
151984,1554421
278576,1905775
51023,1463064
406215,73324
423352,340550
131001,975261
234085,153771
8687,1974606
390768,1320682
11738,929939
174584,883416
77508,526623
188194,1252331
332373,1542613
95851,1946455
383308,141933
129398,288428
111623,106593
222137,595360
83962,62800
167859,851724
287160,1392258
283187,1195024
234038,1059679
286199,638374
123755,105828
102182,1343361
14069,1275402
245858,425390
349880,1154526
240551,1036732
287103,789497
74785,737830
137889,199228
296981,156292
124844,896356
211007,1490179
156405,151106
239968,585980
105422,1567973
86393,1240635
66859,1617151
94176,222338
309469,1930877
125434,159696
102794,139188
111415,1922144
64899,155265
66401,189379
73165,1291887
222734,263723
90936,1502085
21790,979527
238973,369695
359424,316751
157975,1441693
112092,420338
316346,153179
395986,908290
312813,1318457
346774,1223284
393528,1266257
283649,1658474
238695,563051
130383,1445656
9950,1262656
410943,1875394
14209,1795873
335108,855423
76855,1564693
102410,1695182
143898,594151
409816,1957997
115250,1694452
419890,1610050
240895,564257
198147,36732
51715,1057633
377036,1562508
236221,1483406
111836,529551
231875,966479
204441,1399688
117437,1493051
76371,176920
327294,1638906
187524,1814732
33355,428280
367892,267049
247461,1066198
50944,1944348
304476,1009776
289231,768774
373149,179946
419657,954884
368708,188341
61682,1624725
182936,378491
343210,1865050
91139,1194905
85390,774610
131636,1112115
90731,780736
182921,1775834
273387,60265
376377,642778
259742,1810975
64931,1548392
136866,1634277
166415,1026233
67795,1699853
389630,572909
383351,1156408
153730,675169
307831,1847615
167084,1783532
373330,1728075
205650,1338790
272773,1188406
118443,1796878
398417,566946
198909,413919
348089,189358
356250,1636136
273714,1470592
109682,1717862
368807,1009523
129642,244092
43794,1982296
112927,995996
396024,1073607
336219,1081797
27378,992372
118403,642512
107754,1587771
392586,531146
272537,529970
267736,823418
404025,762617
164881,1701543
188807,223772
66364,1477847
130368,1211277
301572,978473
62759,942555
320997,678748
249039,1983288
131802,199641
414538,1432907
181088,313432
359899,630415
28362,537557
90682,936741
105316,311158
333766,412222
52966,163720
390792,1024636
346872,95258
152423,890811
65520,1526372
108309,101856
368539,242890
195482,385410
248433,484064
180541,1116540
242317,1979644
404137,1347893
156816,59384
394412,98660
329406,1093340
404486,1695528
374277,189065
72213,640231
398568,866918
148298,274476
103891,1660450
155563,1346495
276486,1276335
254296,155842
401404,1625106
88279,1086171
142906,1795446
223405,1470228
257205,806313
35169,1776364
106729,1414662
359304,34072
222980,569454
41598,655276
167407,442275
199496,1237665
359888,1261076
192313,1274735
6625,1134648
415870,966923
254006,1554848
175309,1353194
140951,226407
368248,1161879
31695,480707
166953,1473962
110436,472492
195938,475591
15517,681965
379780,1540634
365185,1700705
421761,44186
118013,1739367
201751,343132
208811,1441774
249203,1054581
225427,1398199
297227,1076808
199511,309071
424013,1720659
221497,1338905
230843,823890
309077,977016
92127,464321
206121,1616074
70956,850745
299021,1394003
305910,1300011
57844,297791
322555,978112
126612,385434
165265,1495561
400600,810190
233374,1774015
32137,182283
192172,1059034
234282,843101
277713,1820050
195542,1256894
360208,395941
43814,1088445
164146,245612
97073,747065
373737,1864038
313817,806455
236089,129917
250457,1062980
334511,1275440
181120,1899989
28239,1040729
412414,137273
143870,1956548
99123,810652
64015,200159
130863,1884202
396301,89961
275622,1944446
258817,698389
161364,658635
239563,553873
92868,1819509
223863,33669
65221,455941
272023,49135
414430,627586
260219,1812801
189682,1890410
276119,1130793
328271,1938615
82458,1995485
83299,242569
195631,1779691
164641,433844
352823,450680
123519,592343
117854,1239773
417655,1968726
72988,880771
415041,1174891
284296,283899
266274,996152
372395,1065972
269074,1302800
26646,144556
126705,63260
306114,921610
24804,105198
246811,1229215
41422,780136
329986,1987609
406621,1919078
375177,120912
294174,37165
257732,67518
33995,1483800
353647,1477052
78491,640976
239992,1589389
189563,170318
99367,1702042
371122,7538
297250,154282
171635,262329
92394,1446911
77812,856425
311927,1282917
360055,434061
319076,1624822
275807,704238
42516,131798
117523,539299
278826,346347
223952,17357
248738,1601632
234621,1662111
285269,1795413
202051,1056217
256823,244984
412063,1253171
355242,330672
256457,385752
217927,334478
410492,1338037
71749,780772
222186,703834
272605,1538936
313550,1282955
189091,1606959
90506,1846044
109180,352702
87413,1138963
349607,67333
349033,949727
237239,420163
232730,1218683
339685,1057756
93555,143255
99883,1270258
407976,1469981
13852,536908
61623,1602913
356716,1202386
6381,1135114
117796,233803
241546,1771369
130738,94078
70348,1981590
236160,27292
417354,709717
196380,591583
6098,1853377
232205,413988
166581,761238
9965,579428
405928,872857
40878,8537
395435,1302162
423733,846348
44192,1200094
1806,51628
278609,818320
92929,1408322
27031,1905129
273944,229630
206018,1904061
405013,622342
345498,1172385
424637,1357773
258524,1941768
235817,1267590
52302,752896
122757,458239
129774,120977
362669,250883
352359,114064
178884,194139
179286,1974368
104137,1985071
230750,1190039
132343,1925405
251172,1865247
181024,1769054
398849,1782383
373410,227607
400581,132547
249271,590056
303108,990110
364367,352217
125933,1964431
101449,224248
164235,1214187
94109,1746479
79097,345075
287716,1893996
130566,632517
167285,844695
110396,578784
360312,261514
175658,1239172
296596,685323
43834,1226208
29017,1598891
323415,1951180
87223,1396671
61818,115368
415125,678614
233593,450650
202489,748769
155790,1796847
126724,264533
123004,1295417
211802,1844482
399925,1763205
218656,1693995
299180,790363
176131,1705885
231443,685800
327402,160911
254340,1921090
85773,396234
347267,1816535
15750,559291
332260,1413227
313032,1512637
86138,271036
353996,389660
164400,532149
392001,287051
118988,1837512
168965,1855078
117734,46215
410998,464190
195254,1089046
412861,948211
403811,1004885
182354,82050
32037,713306
32408,290843
8608,279592
43049,238228
183551,1724490
110443,1604644
310154,1673192
26282,47692
188567,1276341
12238,706306
395106,415268
102666,309918
341277,1211790
348080,832196
108509,636708
256622,1324646
71545,1027325
347101,761740
53797,1830818
61439,503782
181929,1350571
285904,1238493
273539,571229
179755,1340463
306874,1978800
415865,176557
233034,83644
123240,7948
273618,1786931
22115,184793
376480,1898710
199855,1083753
256352,1945580
354163,1873224
200414,444340
306708,1130329
200764,1402370
84304,1783756
169834,1764118
137410,1263242
65866,1571663
71466,1546184
409505,1834138
192226,654902
86262,1505385
293638,1333873
59622,268443
68794,383929
405011,1763559
32734,1260698
26277,1387563
137689,269933
16294,213877
130537,781682
323894,1945963
90469,1344375
355274,1082362
197423,692263
378094,1604160
42248,647511
21883,1475518
189438,934799
382825,383788
213885,678215
128371,304836
234760,864011
407205,861245
173624,911637
142686,175557
404118,1992683
44989,1342709
217598,1133103
243501,566229
398774,1104998
67603,319662
51983,191656
236835,1391845
145277,1965030
114016,1224991
17414,385854
106286,771798
135108,1748648
47810,407322
340885,127405
178212,1664192
375785,671441
20216,1962204
316132,1649462
6433,90522
240141,1384048
43230,279351
153068,1309317
397081,577392
210796,1803035
156611,1178692
1254,1152331
41277,438744
366893,1721845
128906,1471951
157200,705677
73060,6838
17613,953185
396601,361060
28099,674485
224356,84924
34366,1433337
340543,746740
197161,708854
60444,139290
118411,156661
42236,1566745
328434,1301004
11391,1991291
26553,790193
333199,568118
247116,1360742
288256,623056
355223,548253
216463,350757
86961,511181
245021,671715
113435,807322
424885,418072
51050,1962991
373001,1492502
224203,691574
148036,1265526
9817,1359880
9532,1125133
248942,1907122
157301,12905
125528,1082812
336073,1939993
422044,576189
117478,887611
423217,1256737
302769,1640002
345812,727896
369892,1131159
317474,592655
422110,1799687
215748,1214496
364766,1633176
381391,303911
376213,1271047
171084,128333
321276,1965715
241724,716970
129424,1554471
273613,1260260
26728,959918
99964,1833570
54104,1117631
154721,783335
242542,1345640
113313,1930383
386537,1095217
322085,284335
22361,1603625
75803,73133
328421,349332
285613,1930876
130126,634795
340169,156955
132067,529746
424085,1439631
419055,240023
406940,1795309
379374,44546
63123,1292850
18276,1463100
319337,1987209
119756,764802
186639,858134
93154,570584
412845,1430283
298767,1211813
180618,779725
295190,1025988
54673,1500446
258510,1555032
280446,897458
323473,1696022
129888,764893
258916,417457
378384,89847
239717,972542
16234,104517
410287,1454428
87792,1333433
46633,749050
424159,1360902
66394,1361756
385754,1371732
25449,1283135
113846,1304449
118415,615153
107377,1284879
225068,1990710
351263,1030318
251481,1064909
254044,318127
262076,560438
118972,1876790
121056,1105816
168199,1457525
73686,1415666
389730,315958
239783,552703
377239,671566
49620,196048
306324,778886
81377,180684
373080,888160
70265,1736061
11209,741010
417038,535927
215093,850230
80943,382769
126045,862373
326613,439453
54888,1241346
178657,858866
282061,693204
354897,455716
145721,1605566
330637,1970560
181509,1283374
249581,1875215
25306,850673
299537,564634
105054,1355940
77045,912698
296095,256969
412146,1406222
35709,526030
418756,1407103
212342,1497234
94048,1453584
156021,1978015
324888,896625
357046,951412
79793,1900590
78768,244236
129652,1534716
102780,1286396
401244,1640777
333180,413005
192959,640280
105853,1964902
370461,526478
24139,1511623
1557,1485416
35202,1773259
333712,30483
301600,1975151
387542,1351371
334087,1855033
159553,919668
228820,1213050
255500,1374827
250257,1018146
391255,546149
141490,749272
348967,1750969
378835,1473561
200067,1241825
245927,571167
296284,1057525
310184,1224513
395130,1383244
217767,1555838
249221,1368260
101181,797974
16718,792494
355865,309787
405604,1850263
204731,1800005
210275,213514
92906,9667
275132,927394
2567,269351
1490,1967607
36851,1366423
295378,337459
16649,1134716
335739,231481
389400,968771
270588,1324267
163448,1384022
293751,1078208
243136,1934691
28673,1447907
109299,33540
264646,711535
305755,1932233
169728,680934
409184,930268
367999,1482243
254127,1498963
105524,200288
63425,1442391
6651,1669078
364620,842552
240646,1438196
258750,792377
371043,1443580
246802,839237
158825,858147
246667,1366074
80296,851960
183048,140675
112771,1945602
343336,1329953
61273,1300876
86249,945606
351444,268105
308607,613263
32848,450418
388811,1907623
390346,528369
85837,1367306
76889,597897
406605,164053
10344,632598
181932,170453
106116,162792
105944,985480
281325,1268199
8481,1173112
233515,202668
239448,1233050
122280,286410
50235,726914
132827,458551
165538,1654267
194362,1087498
259074,812370
169120,1962710
258890,411826
197743,1357646
307209,209931
371060,405793
10611,1813042
333870,607049
114484,799305
370063,603314
195143,1841732
229587,9250
263948,1003786
111852,1010085
412223,1939286
313760,1346667
133326,879012
291933,194848
18991,344419
313592,1059643
134770,543536
62715,406199
188413,1064937
215378,10530
113132,1428414
217187,1075872
175698,344895
233517,1440995
247488,4412
86448,1846139
32676,902967
335000,1875418
230013,1838132
145783,1986435
318125,1280193
130378,714916
366997,560319
335091,1628269
21998,1888619
12144,935803
203410,1662689
315702,711298
51686,876480
406367,1675274
21361,1229684
268950,1493223
145650,1472431
145495,1263145
75216,1445642
355995,1763916
341219,1130228
401062,1970084
137903,1437904
278030,1836497
60715,188664
222012,426186
241,59171
22499,1897123
114224,175997
41524,1617830
347497,1152557
55072,269011
147493,1585709
351628,405496
320032,756316
111810,62409
85813,1137442
55341,1569662
295469,723384
286734,1675330
285054,997297
212875,1639379
388351,1799012
355776,75424
151898,1422751
130234,950081
324048,413131
310560,1971688
122654,911787
334502,1296831
71978,940897
395850,886435
331843,272025
385878,1554077
134666,990541
112741,175635
400353,401809
243038,704041
66997,1060570
109143,699521
42058,825292
311731,676067
42708,364919
87535,1280367
121146,1937180
143507,1855573
164324,937384
311022,1956476
287582,1211821
285400,1842395
345957,993267
181540,716882
196428,557754
112355,1053582
157738,1431589
91115,1795905
257842,1196941
300490,219473
344568,1475740
15639,567194
103958,788810
368339,1715095
146734,1558803
42599,1841820
166094,694891
196261,1869315
40531,58013
216128,492201
303740,1217409
352527,239966
129716,671078
282988,241373
200396,1848601
131953,373185
180199,609268
81139,893712
71264,926690
156691,1896289
110283,1692848
13220,1061662
352191,795057
57624,637109
165435,10510
214264,805763
105536,1814674
224324,611291
227244,751173
30447,675131
279693,1375372
352739,1799580
325308,981881
153011,280456
240571,1432452
56915,938642
379785,1624485
163961,861236
98070,198716
316360,546670
92864,1865131
52330,144943
17466,452231
412617,1855160
23885,353305
89505,91295
314920,1516602
375831,1531616
256242,1398092
205042,1830953
293970,1140688
380812,1348170
75391,1538478
221150,881442
161652,1698815
141443,135824
401564,1006946
154588,623271
192228,1725576
295846,181702
426770,83761
36409,100633
79057,1983453
347842,1888602
245528,819623
130220,262399
253639,38076
313305,1043067
127737,555574
400319,1959627
98895,341618
335397,909405
318564,1816102
214380,1136083
146968,19772
422786,489716
227272,1980527
169151,1522987
311088,1529572
107134,810765
75889,1331840
107411,513009
118665,797172
291117,1588522
308835,808252
229022,1949805
32009,570225
149207,1040847
304729,111580
129296,1479231
191347,378223
291232,1435453
407092,948843
122729,1012080
153034,1034019
254511,11790
11926,1363362
354488,1829126
240500,539397
325625,221566
234028,1429425
37386,289068
325988,1757445
104020,517892
275587,1375029
189151,503103
367673,1189033
160895,213077
266767,806794
330263,836377
234564,1158300
123171,345127
49837,629026
38781,1754380
208993,1543532
78448,1128029
401851,1978392
237853,1528124
183099,238952
301513,1907037
292205,938347
269489,658305
363457,965535
409293,1732754
42813,1111594
397843,1134595
204417,642478
37231,486817
283815,1400700
388076,1095226
153951,1173
247453,1437967
2973,105655
304977,1493472
337881,1525385
267467,983344
57989,698496
172217,979375
185267,1911651
114106,762061
391386,1086994
90326,696085
110744,346171
25687,1378989
56428,1696290
56183,827248
139896,1931341
13138,81652
359308,435380
163500,870809
45334,682915
384905,659465
179647,192966
314681,835964
90676,1456911
61291,337696
40178,177175
5118,1373156
87274,844622
116047,1171841
111732,33006
389005,836718
115452,437599
43867,564406
139099,501000
295955,1764364
199286,1714647
92608,165446
299129,836610
217639,937278
152071,1643013
337011,99469
280660,423287
68338,578283
258799,1847084
375518,1641982
60769,1947594
189580,164040
376524,561750
40115,1353306
168744,1597775
423805,627558
348802,1481677
248672,1367748
198538,1497129
317535,1201941
109634,1108008
215025,1934305
185440,81513
5758,1935391
424937,174538
29907,1286894
6117,1335097
46983,874453
165185,861166
90379,794767
252564,1405017
228087,96760
36002,1076020
281900,10192
245327,4500
323829,389763
277064,1703208
296633,85367
389127,1362792
274989,909052
421028,436228
144340,1058006
74877,1059012
125226,717427
78691,696481
253171,1008155
77930,1557254
180952,836607
248183,1467708
407645,1473099
387368,1864203
40347,1702235
142225,1567997
386398,200705
244150,702156
230446,1662110
5633,815880
274126,365149
105803,1978932
127814,805568
144190,1075061
131429,1136022
148031,1092187
102839,1318816
413120,695000
7804,707453
53989,598974
83984,512404
23740,182347
295240,829643
371444,602338
364338,1048455
388511,1367906
73526,311845
287476,964400
415977,1034304
62327,1063486
221014,485172
86719,208324
176088,1008116
131438,851220
417004,355323
65283,37480
200800,1603533
371933,1856871
229093,289661
374808,767982
41725,1474352
10525,779653
413712,300584
376944,404801
189507,1900934
260865,1427298
323277,1366978
69574,1535830
125211,1941615
312059,683897
201261,1533526
27332,1541840
238879,735161
303154,1200117
373965,847084
14436,859108
64858,859185
87672,289106
25749,268556
94342,207469
270362,286640
304368,1452783
338111,585917
18595,1291806
144546,1334735
263699,360466
23512,1981109
65463,779985
138844,328609
276785,481556
240936,550440
75406,596133
177732,835969
118968,1695009
141763,1307313
370,1815975
121308,1419068
54133,1427954
206422,961415
198117,125172
157894,544451
220455,405925
129148,1124244
359408,1083995
367390,413277
181404,1609684
176540,1509349
134207,291707
131318,806981
103346,258421
334386,615409
29295,1908505
272289,1453886
23443,312531
290383,1468437
226342,698329
118715,69176
215768,1016372
331403,18622
271911,95531
158791,919834
334768,1391678
409715,695999
51944,60655
158189,68217
323830,1560656
48948,1945956
113642,1365462
267155,672491
55786,195702
153875,213245
225738,1654179
34936,802643
166596,421910
58918,1312708
123445,677916
22672,1377480
154905,403344
239070,1241381
220122,28766
230905,1833303
368776,313193
370653,740071
294740,542396
187810,410720
224009,1745390
268007,147682
342210,119430
27636,783313
322862,1673367
182741,788359
173719,1286778
162614,1198936
46976,132077
402493,1578183
267149,1837338
265022,1273583
96908,944346
407200,36921
219930,774284
274488,1131297
116289,1095232
132034,301657
161354,1983497
350998,1318860
306803,234583
251277,965161
409172,1987171
181091,1151462
69722,1633517
139272,1825366
137271,1367769
386861,1229736
30778,384464
410135,1266820
171750,858305
395483,1631743
232072,1922448
339936,334020
309671,894876
226545,1064119
394052,268376
59524,231524
332970,567059
194410,1694654
157435,1573308
342918,740916
335061,804105
77839,969073
181151,179231
348664,1420492
292169,1650533
73964,839345
290443,1007469
170885,1957169
176531,202323
142647,1655134
35524,1768815
92034,773189
141669,1166231
9883,1298396
414859,677860
104179,882741
31367,1913613
316257,1106160
163078,1694098
212814,688925
72612,1650504
184203,1523110
337610,125137
6823,1917131
417378,698694
276745,1599079
197552,1244234
209774,1843385
31774,122157
327067,274346
301758,1847767
64536,12150
208092,1857849
228568,927983
158749,442592
46315,158248
259962,551490
348091,1161522
324802,1124836
64957,1111799
118825,1886529
129509,115732
221720,309045
3131,304554
211738,950188
183785,1866748
11375,876958
396874,1929462
61177,263150
224683,1867563
61072,4826
253406,158239
302666,24299
330899,1988878
278965,1541263
60706,137421
161889,438292
264916,1501613
312943,1082397
93270,1982103
27194,780076
104360,290890
405087,288634
174674,1946703
304700,137838
172843,919161
425667,1118922
359551,1054071
323464,1347787
252591,36635
288355,435777
220577,846176
2723,679225
82772,1727057
8276,796249
267492,1712715
40270,158252
198779,866453
205562,1015968
393723,1228223
273533,1035803
151555,385405
132590,1230708
171760,183261
423951,55078
306269,1286432
272175,945382
152501,38816
201153,1543964
388369,1243151
389990,1540707
275012,1392595
81581,695982
175174,1629097
190525,1783900
140310,1983347
45625,1299229
272603,885451
186615,1354516
128226,695645
232681,479222
419017,1444588
127805,125057
213257,74055
158649,1092632
22449,1440474
129277,1202458
194588,677010
31048,1262105
266537,859382
417040,938803
55872,244487
18490,1253771
247328,513823
269,1705753
295713,96517
302201,1842982
333336,140975
1143,1593449
119806,277294
162738,111193
318752,1984603
175381,1474915
370112,778341
159166,1927082
72002,848787
143675,1319292
51451,819567
329370,316379
116605,349877
106126,77073
18385,389916
212616,788334
115842,1723442
364062,1314932
107422,808965
71597,531921
302644,807695
90987,212470
111201,470521
408391,706446
215386,1087474
388157,1938475
205693,1367858
16670,518323
181131,1844119
369746,1674468
58075,1792669
129975,1890291
201954,1510961
400838,421339
338184,68281
397212,1612823
163550,1044814
319377,1739176
319229,1651775
357377,125788
78495,933901
165107,845378
166499,1280324
350075,1613437
80613,1324642
130125,532699
151440,1601947
316759,176617
179471,323783
171098,511657
416292,502303
195162,1785682
158983,983256
161707,1431749
15744,1686486
253686,1550689
183695,678679
125871,639585
44509,1286394
764,1103106
9256,227812
276630,53702
249673,944470
268233,1841139
356013,1424162
53506,319268
162937,771492
370223,87929
202467,238932
90443,615863
205441,315552
78723,143400
55090,1435147
258485,698039
259247,1379933
58849,1482638
132670,1836634
267790,1989678
398015,104661
56563,1680728
400687,787343
116841,283717
286142,239595
69385,70713
371709,83339
314400,1795975
262330,1578634
274799,1019653
70131,858483
108256,1696242
372062,1795820
5179,1412427
321619,845215
298545,1096583
129303,694044
228927,594267
218590,1876630
347996,1043831
259219,1005567
289899,1416306
40528,1284006
23325,1895805
55696,738089
407438,431133
241659,217478
183144,1929742
15409,1371136
232045,1659266
78937,1143852
406869,1174464
39275,865362
333801,35875
334032,220607
261577,1838504
59546,1809769
61200,372809
118357,1560006
43332,1539560
106613,104677
109633,1293250
253764,133148
130055,461204
249433,706226
392304,1030895
426303,109110
5775,1735865
295744,1220770
246893,68950
191200,1805005
62008,858040
139580,42674
115558,3276
225421,414131
321550,1136074
126809,1274498
347984,1770478
91241,1627531
409209,229464
238617,714179
107256,261379
40974,1468961
347738,145709
237283,1984804
2862,1151477
16528,1665436
7344,485036
128616,1139615
12274,660185
79455,858380
315651,1865550
330494,240893
360709,565288
242564,1444567
298405,460908
290046,690042
249978,490376
264270,1208461
43206,1981511
291236,1839114
333592,1286264
118141,1459506
7238,1331526
95570,1972969
19452,1583328
347843,727954
129570,1628648
263922,753958
164631,1269715
175133,1080107
74370,1259825
166727,427740
252130,1435779
11176,1979676
76692,1810454
247705,187676
65332,689173
212329,1255407
354741,805618
131132,231842
169025,1788169
64571,1958550
144578,692479
43453,1264438
207594,70421
186306,1040207
370958,798842
347096,102601
317552,115536
64467,964807
81662,1661228
272452,1303110
314846,350196
292956,1365180
96639,1096684
323322,1980057
335836,506401
34804,1516010
330834,1521781
52423,1724570
120160,83742
152119,627794
249494,1632455
411716,374782
386424,1562750
240573,1277097
190633,668526
70829,1537978
51501,955434
51951,50807
197844,360754
280655,1667060
369953,181159
92684,1815054
3395,577693
238663,1330719
269957,232425
385896,1340767
89116,711694
168054,1613009
212874,1571794
178261,1298159
395692,1367109
16190,404887
310991,239746
117584,1334066
225021,181969
316923,1565969
129382,1984511
243940,1809209
368975,1497589
355856,1793262
39843,1400361
412397,678604
406925,1518255
369621,1159581
257873,337123
110401,709224
321201,1631690
12676,1763080
279145,1330254
33823,89747
39530,934662
58060,767443
131221,189381
276371,1344912
149614,995065
256593,1373233
36962,1024411
41319,207516
68242,1086996
281088,747045
227678,35928
398204,1823646
223346,1668739
421881,1972049
190363,1447596
145762,330674
424247,142442
261327,1913821
163309,297055
410528,621508
335725,106433
337499,37522
190482,1033987
360711,1483583
65459,1191321
420403,225151
373415,1836943
35753,673138
380506,1769277
241764,411344
275695,1126865
98310,1804775
235446,726670
330260,1928762
101409,1531232
75850,1533274
363130,1286666
249511,840333
274221,1608835
73415,1567031
84599,579971
181538,1568521
85214,958846
182076,1276860
96483,1339880
47835,969178
111246,1669995
82055,1784572
104496,36374
406745,113294
30839,1481279
370795,23665
120471,41540
49242,691249
333348,1025553
67569,985591
202634,1446255
85906,459334
129613,1795729
381631,1494773
227059,1941555
5761,819978
227762,1137
247982,463312
402148,688312
241552,1120299
370993,542831
107170,1668984
319809,13125
32034,241227
252012,957602
332090,498570
60958,613387
357109,368334
241474,1831313
339255,1896881
273179,1400852
181,577744
24865,1070147
285043,1832874
71589,200727
380832,344205
234459,498090
45853,1490499
252620,122939
170418,111336
322002,302957
340269,908958
369546,932320
155810,231858
14341,818575
205853,738268
88406,165734
56972,48383
402300,18220
359633,44050
415761,1219987
295801,195890
301158,1696501
326010,1718416
377620,187784
116927,250670
363435,58430
3718,1529353
16326,1993488
234923,1636693
203036,785198
169691,1294838
129297,140847
251662,1792857
315488,1955736
259064,1308970
93998,441264
325385,674478
126134,1166461
273717,911763
82819,1135009
105736,1366445
9741,1102017
410836,341338
186382,1433810
185686,1274387
239467,640654
154350,594098
321622,1211223
44731,1129972
420273,1079992
327718,363290
182374,746225
75592,181123
215935,90041
115882,12235
25480,866093
178812,1127189
295888,581071
94107,997946
110833,156419
86042,1121121
277265,605901
281030,962035
34729,89877
146141,1999191
387966,705434
153206,1223436
62159,1071550
394049,781603
292142,1800123
328381,1930350
30063,1751141
218301,941109
293138,655902
340765,344451
271217,601251
329723,630942
226729,1867709
76468,1864827
163921,755126
410160,331188
62405,1480393
130894,643107
7188,1617618
333556,507328
60837,1410949
165383,217621
98177,896495
312338,998991
